event_class,type,start,window_h,n_pre,chi2,p_value,cramers_v,standing_frac,standing_delta,n_pre_moving,chi2_moving,p_value_moving,cramers_v_moving
failure,Brake System Failure,2024-06-27 15:47:30,24,6012,464.38642521315126,2.489321829672995e-100,0.017615707544268153,0.6202594810379242,0.13907032064377378,2283.0,0.7295549727016541,0.6943511362949288,0.0009698817560908966
failure,Brake System Failure,2024-06-27 15:47:30,48,13593,953.7405761348127,1.949733012732985e-206,0.02518130410974569,0.6141396306922681,0.13295047029811768,5245.0,0.2318740717177633,0.8905312930702687,0.0005457429561692039
failure,Brake System Failure,2024-06-27 15:47:30,72,18951,1002.6922322714621,4.68926317933085e-217,0.025773580001617565,0.5968022795630837,0.11561311916893335,7641.0,1.2535459674974068,0.53431325949743,0.001266965861148404
failure,Brake System Failure,2024-08-19 10:37:51,24,3502,42.63059378357423,2.9480571199809226e-09,0.005341774339216887,0.4351798972015991,-0.046009263192551275,1978.0,11.950436980034423,0.002540946854592728,0.003926151773929886
failure,Brake System Failure,2024-08-19 10:37:51,48,11384,2162.7077819074616,0.0,0.03794732439388546,0.699051300070274,0.21786213967612367,3426.0,26.11277949800946,2.1363970933786444e-06,0.005798244747823532
failure,Brake System Failure,2024-08-19 10:37:51,72,19254,1661.7984591219993,0.0,0.03317695418104343,0.6269866001869742,0.14579743979282378,7182.0,60.34041213674706,7.893070585968959e-14,0.008792787662084023
failure,Leveling System Failure,2024-08-27 15:58:43,24,553,595.9978698068572,7.430126933200366e-129,0.019992921013501985,1.0,0.5188108396058496,,,,
failure,Leveling System Failure,2024-08-27 15:58:43,48,674,726.3425859475723,4.0721051229530414e-157,0.022070238656578867,1.0,0.5188108396058496,,,,
failure,Leveling System Failure,2024-08-27 15:58:43,72,674,726.3425859475723,4.0721051229530414e-157,0.022070238656578867,1.0,0.5188108396058496,,,,
failure,Brake System Failure,2024-09-03 05:04:00,24,6741,17.46995698134022,0.000565643053365769,0.0034158634181092637,0.4791573950452455,-0.002031765348904868,3511.0,17.291885346585982,0.00017583883840760513,0.004718102849727249
failure,Brake System Failure,2024-09-03 05:04:00,48,14065,355.3874421481475,1.0164955542229431e-76,0.015369013582249834,0.4092428012797725,-0.07194635911437791,8309.0,58.5118983857239,1.9692583820504086e-13,0.008652292805904209
failure,Brake System Failure,2024-09-03 05:04:00,72,20775,1165.5151307021038,2.2242123196553944e-252,0.02777075198822254,0.5980264741275572,0.11683731373340678,8351.0,58.218902123106844,2.279953726508008e-13,0.008630370714560714
failure,Brake System Failure,2024-09-22 05:49:43,24,7883,615.9029600029482,3.5955983612673625e-133,0.0202742670129019,0.3414943549410123,-0.13969480545313806,5191.0,2.2658760133345757,0.3220855753894144,0.00170606344648111
failure,Brake System Failure,2024-09-22 05:49:43,48,15753,1389.1979761962032,6.503194623164779e-301,0.03036921324017721,0.3323176537802323,-0.14887150661391807,10518.0,3.8997211006833092,0.14229391304059757,0.002230555514097191
failure,Brake System Failure,2024-09-22 05:49:43,72,22727,933.5340770987398,4.711079611057635e-202,0.024837820121907495,0.3793285519426233,-0.10186060845152706,14106.0,2.4691779821793145,0.2909543226151026,0.0017708456086968267
failure,Brake System Failure,2024-10-06 02:04:15,24,6932,626.6402807610115,1.690178527668057e-135,0.020456721573512818,0.3307847663012118,-0.1504043940929386,4639.0,1.0445566102039197,0.5931675905826235,0.0011587696894184427
failure,Brake System Failure,2024-10-06 02:04:15,48,10891,524.3176595735052,2.561120975550987e-113,0.018687481362193496,0.3714075842438711,-0.10978157615027928,6846.0,1.89618230866015,0.3874799574135782,0.001559035480330597
failure,Brake System Failure,2024-10-06 02:04:15,72,17348,484.5040340514665,1.0883489094677997e-104,0.0179254616229417,0.39739451233571593,-0.08379464805843445,10454.0,1.828829351553214,0.40075112679671815,0.001527568117107755
failure,Brake System Failure,2024-10-10 11:19:48,24,3775,487.72589252552,2.1806390768844458e-105,0.01806646053733448,0.6609271523178808,0.1797379919237304,1280.0,0.7404360240281093,0.6905837586686013,0.0009777201265435153
failure,Brake System Failure,2024-10-10 11:19:48,48,8526,234.7279246124686,1.3138317718752712e-50,0.012513483671058244,0.5632183908045977,0.0820292304104473,3724.0,7.4066007973798085,0.02464206348008554,0.003087423210255849
failure,Brake System Failure,2024-10-10 11:19:48,72,9329,537.0891576001712,4.368586081137633e-116,0.018923556169852838,0.6008146639511202,0.11962550355696977,3724.0,7.4066007973798085,0.02464206348008554,0.003087423210255849
failure,Compressor Module Failure,2024-10-31 15:08:06,24,2648,38.08184980525445,2.7159143654851317e-08,0.005050193583475128,0.5381419939577039,0.05695283356355352,1223.0,4.197544237341507,0.12260688256599767,0.0023280076683767346
failure,Compressor Module Failure,2024-10-31 15:08:06,48,9643,381.136003023159,2.697637487567762e-82,0.01593947790130638,0.5802136264647931,0.09902446607064275,4048.0,5.965913025476062,0.050642885975223303,0.0027703499143311946
failure,Compressor Module Failure,2024-10-31 15:08:06,72,13579,160.66711579977633,1.3157122800272254e-34,0.01033543138352914,0.5342072317549157,0.053018071360765306,6325.0,10.188408439088587,0.006132184566339755,0.003615049050376033
failure,Brake System Failure,2024-12-14 18:56:40,24,4369,1.9317631994174955,0.5866895854597729,0.0011367783978046375,0.48249027237354086,0.001301111979390479,2261.0,1.9069774581278593,0.38539413962823926,0.0015680818158583802
failure,Brake System Failure,2024-12-14 18:56:40,48,11528,324.86705421564045,4.1222954676542484e-70,0.014706666854739462,0.3975537820957668,-0.08363537829838358,6945.0,3.7205437198607694,0.1556303149697339,0.002183693117571827
failure,Brake System Failure,2024-12-14 18:56:40,72,17563,437.0065250874439,2.1301649129366848e-94,0.017022943213722736,0.40266469282013323,-0.07852446757401715,10491.0,7.150413234755695,0.02800963789836752,0.0030204337411975654
failure,Brake System Failure,2025-01-21 06:11:15,24,6373,20.489953640410352,0.0001343379384154038,0.003699801683615791,0.5068256707986819,0.02563651040453152,3143.0,3.978805620153644,0.13677708295623892,0.0022637344875855226
failure,Brake System Failure,2025-01-21 06:11:15,48,13572,278.04694974122935,5.603053174882738e-60,0.013596439277472968,0.4101090480400825,-0.07108011235406786,8006.0,5.136836979656672,0.0766566829323453,0.0025641368670230725
failure,Brake System Failure,2025-01-21 06:11:15,72,18053,8.145128649537073,0.043105648758060694,0.0023236414742946027,0.47371627984268544,-0.007472880551464944,9501.0,4.09749592877992,0.12889618521545307,0.002287902237751849
maintenance,8-week-Revision,2024-07-02 07:04:01,24,4428,566.1372816401914,2.2080928301293035e-122,0.019460373674361726,0.30239385727190604,-0.17879530312224434,3089.0,0.5630250130196243,0.7546414776852186,0.0008515851381332658
maintenance,8-week-Revision,2024-07-02 07:04:01,48,9965,512.2632932785252,1.0494729052524188e-110,0.01847711313606787,0.367686904164576,-0.11350225622957438,6301.0,1.1393087467423664,0.5657209331325198,0.00120889455527283
maintenance,8-week-Revision,2024-07-02 07:04:01,72,15870,1041.248752679847,2.0269358809739984e-225,0.026291287275376836,0.35274102079395087,-0.12844813960019952,10272.0,2.613002909496111,0.2707656872635125,0.0018261412728453985
maintenance,48-week-Revision,2024-08-27 14:31:21,24,61,65.76637104910573,3.438865244047731e-14,0.006642437845110468,1.0,0.5188108396058496,,,,
maintenance,48-week-Revision,2024-08-27 14:31:21,48,182,196.20380612892941,2.7885306224340955e-42,0.011472594595431224,1.0,0.5188108396058496,,,,
maintenance,48-week-Revision,2024-08-27 14:31:21,72,182,196.20380612892941,2.7885306224340955e-42,0.011472594595431224,1.0,0.5188108396058496,,,,
maintenance,Revision Quality Control,2024-08-30 07:13:30,24,1589,1686.4861120920777,0.0,0.03361974823563232,0.9962240402769037,0.5150348798827533,,,,
maintenance,Revision Quality Control,2024-08-30 07:13:30,48,5332,5413.109422995118,0.0,0.06015648176426286,0.9855588897224306,0.5043697293282802,77.0,20.62661720238902,3.318845109329045e-05,0.005164428977476852
maintenance,Revision Quality Control,2024-08-30 07:13:30,72,6935,7125.511670400008,0.0,0.06898179212261232,0.9888968997837059,0.5077077393895555,77.0,20.62661720238902,3.318845109329045e-05,0.005164428977476852
maintenance,4-week-Revision,2024-09-23 05:15:24,24,4128,4379.759666377124,0.0,0.054132616444888745,0.9966085271317829,0.5154193667376326,14.0,7.320344571266516,0.02572807976598821,0.0030767467950577475
maintenance,4-week-Revision,2024-09-23 05:15:24,48,12013,286.32495936782004,9.06157406655357e-62,0.013804507540472624,0.5583950720053276,0.07720591161117718,5305.0,2.12399276346665,0.3457648422264505,0.0016516644709398697
maintenance,4-week-Revision,2024-09-23 05:15:24,72,19849,14.954815175616195,0.0018556724663720567,0.0031466779737206125,0.4693939241271601,-0.011795236266990305,10532.0,3.9506960969909817,0.13871302498063873,0.002245066426629727
maintenance,Door Revision,2024-10-20 01:59:05,24,3409,2442.087085981263,0.0,0.04043141471256405,0.9043707832208859,0.42318162282673555,326.0,13.94809576039961,0.0009358569913305656,0.004246155174662648
maintenance,Door Revision,2024-10-20 01:59:05,48,9681,449.0073083961084,5.349739106019675e-97,0.017300366711288387,0.5876459043487243,0.10645674395457394,3992.0,15.566462024643268,0.0004166637516828644,0.004475141485056367
maintenance,Door Revision,2024-10-20 01:59:05,72,16282,128.3520820763506,1.2251406858321646e-27,0.009229468238569325,0.5218646357941285,0.04067547539997807,7785.0,23.417830742381863,8.220205319301385e-06,0.005475554104900523
maintenance,Train Control Revision,2024-10-24 07:55:18,48,947,1020.3424820586221,6.953176492284236e-221,0.02615589039448082,1.0,0.5188108396058496,,,,
maintenance,Train Control Revision,2024-10-24 07:55:18,72,2860,3048.3068410560127,0.0,0.045180134488642124,0.9975524475524475,0.5163632871582972,,,,
maintenance,Spot Inspection,2024-10-31 07:12:23,24,4821,264.3341954269645,5.190500793521162e-57,0.01329565979208904,0.36652146857498447,-0.11466769181916592,3054.0,9.20219833530609,0.01004079316186603,0.0034428635681719422
maintenance,Spot Inspection,2024-10-31 07:12:23,48,11814,25.700535080159465,1.1018382553925953e-05,0.004136101226418879,0.500084645336042,0.018895484941891638,5906.0,9.270118064273793,0.009705534083021728,0.003449215985559979
maintenance,Spot Inspection,2024-10-31 07:12:23,72,14155,73.9444913317362,6.099710126598697e-16,0.007010272169467501,0.5146591310490992,0.03346997065494883,6870.0,11.773313459115345,0.0027762429294498534,0.00388471021050046
maintenance,Air Conditioning Revision,2024-11-05 00:21:33,24,7180,144.61859454342277,3.8150112545341294e-31,0.009826593439126709,0.4168523676880223,-0.06433679270612808,4187.0,23.28085433526321,8.802919169938977e-06,0.005472134946708891
maintenance,Air Conditioning Revision,2024-11-05 00:21:33,48,14357,422.56344950441945,2.8669688686290986e-91,0.016757096901807243,0.39917810127463954,-0.08201105911951084,8626.0,34.13337580719626,3.8728584050175177e-08,0.0066070969879398
maintenance,Air Conditioning Revision,2024-11-05 00:21:33,72,20109,776.9754739186264,4.262075592068697e-168,0.02267921678502401,0.38609577800984635,-0.09509338238430404,12345.0,49.37107414510363,1.9019866599123298e-11,0.00792733081567453
maintenance,4-week-Revision,2024-11-28 01:06:57,24,8030,299.6689830526384,1.173302920952341e-64,0.014141276398214409,0.5778331257783312,0.09664396538418085,3390.0,1.071972105647968,0.5850920739169403,0.001174821266874361
maintenance,4-week-Revision,2024-11-28 01:06:57,48,16266,195.15013261547304,4.709992306962038e-42,0.011380515950178109,0.5357186769949588,0.0545295166008084,7552.0,3.922718216527051,0.14066710911336228,0.002241367580448442
maintenance,4-week-Revision,2024-11-28 01:06:57,72,24478,180.63237533381962,6.440218081537886e-39,0.010919306670384196,0.5240215703897377,0.04283240999558735,11651.0,3.9912224007470605,0.13593054797047346,0.0022549429755722634
maintenance,8-week-Revision,2024-12-29 01:09:05,24,8189,6488.105850823474,0.0,0.0657966281543909,0.9272194407131518,0.4460302803190014,596.0,1.2595106527784767,0.5327221281090628,0.0012757440451882705
maintenance,8-week-Revision,2024-12-29 01:09:05,48,15242,3580.6830859572565,0.0,0.04876498475834282,0.7243143944364256,0.24312523404227526,4202.0,17.771069205582037,0.00013837618506856334,0.004780902992911599
maintenance,8-week-Revision,2024-12-29 01:09:05,72,22387,4150.969805354314,0.0,0.052380781326984586,0.6976816902666726,0.2164925298725222,6768.0,20.367217472165063,3.7784607922545524e-05,0.005109795461263923
maintenance,4-week-Revision,2025-01-17 10:26:47,24,3812,220.60202965328156,1.4879152329902738e-47,0.012150231308884409,0.3620146904512067,-0.11917446994294367,2432.0,3.4827687930939,0.17527757890001847,0.002118899642271932
maintenance,4-week-Revision,2025-01-17 10:26:47,48,10943,503.6705960746035,7.641749196199196e-109,0.018315522306502848,0.3766791556246002,-0.10451000476955019,6821.0,23.6526428979269,7.309604066321015e-06,0.0055063365230017
maintenance,4-week-Revision,2025-01-17 10:26:47,72,18113,714.9873837795537,1.1807492930032784e-154,0.021770113747503275,0.38519295533594655,-0.09599620505820383,11136.0,46.01314230881326,1.019466830598826e-10,0.007658894085696379
